{"noiseKey":{"private":{"type":"Buffer","data":"oHBQMdP4WHrvSS6iyw/qyqXVYPgOJ0/m2E7aWge+30Y="},"public":{"type":"Buffer","data":"TiGpuoTgi5HR4pqS2IAsY0xcTGSoR49NJ/qO5KVF/3g="}},"pairingEphemeralKeyPair":{"private":{"type":"Buffer","data":"YL4C5bP9zro2sqYP+gx2mbcyqPjJsTbqGSwxcHTbHEI="},"public":{"type":"Buffer","data":"/P/k5UA+uyGd86eOGltKAnjdIAkUbCOPgZl5rHz9WGQ="}},"signedIdentityKey":{"private":{"type":"Buffer","data":"GD2OTB455/bc1hD0kDyY7/AkLHyat8GJY/Za+q1GREA="},"public":{"type":"Buffer","data":"ZuvsoeKM+U/dNivKdZhUkyL8CfOxKms6RMSkJTSuSzI="}},"signedPreKey":{"keyPair":{"private":{"type":"Buffer","data":"0EZGhP6l1ZP3rZ/lRD2WvAyLTYBVForxpXmR+FUmvl0="},"public":{"type":"Buffer","data":"fbF6J9fqVzUscg4cAWYCVH9Nnpv0vpm0rOg/39/ythA="}},"signature":{"type":"Buffer","data":"AwSQw7M37ZUSdInlR/09nPQv0xc2i6G1aG2vDs3gSGs00jvQIeY3CgclNbwApmnRekrxSYQbs6x2zA+4HlaxgQ=="},"keyId":1},"registrationId":255,"advSecretKey":"Ys6J8EqBQhjsZdnHFc9jMDPs2YKtteBGKgWlo3vb4J4=","processedHistoryMessages":[{"key":{"remoteJid":"6287872303819@s.whatsapp.net","fromMe":true,"id":"BA3842049A5366296B61C52727183CAB"},"messageTimestamp":1735980124},{"key":{"remoteJid":"6287872303819@s.whatsapp.net","fromMe":true,"id":"7CA062814280CEAFEE9CBE2937A2F15D"},"messageTimestamp":1735980124}],"nextPreKeyId":31,"firstUnuploadedPreKeyId":31,"accountSyncCounter":1,"accountSettings":{"unarchiveChats":false},"deviceId":"ebIBfO8rTYa8jeMvBYHsDg","phoneId":"5695e2a5-53bf-4465-b66d-6eb06d7c03fc","identityId":{"type":"Buffer","data":"r9ZwTXpSZKAcuySeN4iwMyD1IQ0="},"registered":true,"backupToken":{"type":"Buffer","data":"VkXubs0Typg3Ue1JAmmlFN5aR3Y="},"registration":{},"pairingCode":"N4C6WVAJ","me":{"id":"6287872303819:43@s.whatsapp.net","lid":"277605647405152:43@lid","name":"rudi"},"account":{"details":"CMHB0zoQ0ejjuwYYASAAKAA=","accountSignatureKey":"W5+GxN0qty7b4+jxrZed3kklJyiRy9mCNo+ndU/jwVs=","accountSignature":"MEIJ2m8ZM/XfaoTyTjwortN5Ik+4yAS76xDbvjWpvm1E20Kd+XSlRpMZkTc940TATzc40p2IEIDAuzUhIh9ICQ==","deviceSignature":"VPTsLybkIiqFTMeud8nVGbfrSzbBwNBt8o7S23EUnC8gkng0HihGl27o7HjnKb63+sb4/c/jJVD7371Mgn6whw=="},"signalIdentities":[{"identifier":{"name":"6287872303819:43@s.whatsapp.net","deviceId":0},"identifierKey":{"type":"Buffer","data":"BVufhsTdKrcu2+Po8a2Xnd5JJScokcvZgjaPp3VP48Fb"}}],"platform":"android","lastAccountSyncTimestamp":1735980116,"myAppStateKeyId":"AAAAAAgZ"}